{"cameraMode":{"drawMode":0,"name":"Shaded","section":"Shading Mode"},"sceneLighting":true,"audioPlay":false,"sceneViewState":{"showFog":true,"showMaterialUpdate":false,"showSkybox":true,"showFlares":true,"showImageEffects":true,"showParticleSystems":true,"showVisualEffectGraphs":true,"m_FxEnabled":true},"in2DMode":false,"pivot":{"x":-3.7294254302978517,"y":1.7525627613067628,"z":0.42115306854248049},"rotation":{"x":0.1552143096923828,"y":0.11382798105478287,"z":-0.018006978556513788,"w":0.981135904788971},"size":4.463735580444336,"orthographic":false}