{"cameraMode":{"drawMode":0,"name":"Shaded","section":"Shading Mode"},"sceneLighting":true,"audioPlay":false,"sceneViewState":{"showFog":true,"showMaterialUpdate":false,"showSkybox":true,"showFlares":true,"showImageEffects":true,"showParticleSystems":true,"showVisualEffectGraphs":true,"m_FxEnabled":true},"in2DMode":false,"pivot":{"x":-3.7437267303466799,"y":-5.349674224853516,"z":9.121626853942871},"rotation":{"x":-0.3581717014312744,"y":-0.002242839662358165,"z":0.0008603701135143638,"w":-0.9336534142494202},"size":10.42259407043457,"orthographic":false}